siteID,blockID,plotID,treatment,variable,value,unit
Alrust,Alr1,Alr1F,F,organic_matter,0.28261219885585354,proportion
Alrust,Alr1,Alr1F,F,incorganic_carbon,0.009346547417613814,proportion
Alrust,Alr1,Alr1G,G,organic_matter,0.21205611690137108,proportion
Alrust,Alr1,Alr1G,G,incorganic_carbon,0.009467738085766645,proportion
Alrust,Alr1,Alr1B,B,organic_matter,0.24126604040031932,proportion
Alrust,Alr1,Alr1B,B,incorganic_carbon,0.009148400564867636,proportion
Alrust,Alr1,Alr1FB,FB,organic_matter,0.2503192011785888,proportion
Alrust,Alr1,Alr1FB,FB,incorganic_carbon,0.009756097560976132,proportion
Alrust,Alr1,Alr1GB,GB,organic_matter,0.2745013675896617,proportion
Alrust,Alr1,Alr1GB,GB,incorganic_carbon,0.009895817326899894,proportion
Alrust,Alr1,Alr1GF,GF,organic_matter,0.20798086875825422,proportion
Alrust,Alr1,Alr1GF,GF,incorganic_carbon,0.010350858407395478,proportion
Alrust,Alr1,Alr1FGB,FGB,organic_matter,0.2907202374158203,proportion
Alrust,Alr1,Alr1FGB,FGB,incorganic_carbon,0.0098542784309249409,proportion
Alrust,Alr1,Alr1C,C,organic_matter,0.2944476617923843,proportion
Alrust,Alr1,Alr1C,C,incorganic_carbon,0.010424207325901396,proportion
Alrust,Alr2,Alr2F,F,organic_matter,0.20894291642283366,proportion
Alrust,Alr2,Alr2F,F,incorganic_carbon,0.009575996169601425,proportion
Alrust,Alr2,Alr2G,G,organic_matter,0.19193160041275617,proportion
Alrust,Alr2,Alr2G,G,incorganic_carbon,0.0101469215271976,proportion
Alrust,Alr2,Alr2B,B,organic_matter,0.265405686407806,proportion
Alrust,Alr2,Alr2B,B,incorganic_carbon,0.011236853680969423,proportion
Alrust,Alr2,Alr2FB,FB,organic_matter,0.18075088052356827,proportion
Alrust,Alr2,Alr2FB,FB,incorganic_carbon,0.011340643968725547,proportion
Alrust,Alr2,Alr2GB,GB,organic_matter,0.1924881067234438,proportion
Alrust,Alr2,Alr2GB,GB,incorganic_carbon,0.01234239329319025,proportion
Alrust,Alr2,Alr2GF,GF,organic_matter,0.22808367732456428,proportion
Alrust,Alr2,Alr2GF,GF,incorganic_carbon,0.013643042048555137,proportion
Alrust,Alr2,Alr2FGB,FGB,organic_matter,0.17822773679839762,proportion
Alrust,Alr2,Alr2FGB,FGB,incorganic_carbon,0.01133310536857023,proportion
Alrust,Alr2,Alr2C,C,organic_matter,0.1816074399323644,proportion
Alrust,Alr2,Alr2C,C,incorganic_carbon,0.009872637521476836,proportion
Alrust,Alr3,Alr3F,F,organic_matter,0.15582505328250235,proportion
Alrust,Alr3,Alr3F,F,incorganic_carbon,0.009005493350943887,proportion
Alrust,Alr3,Alr3G,G,organic_matter,0.15450186467767718,proportion
Alrust,Alr3,Alr3G,G,incorganic_carbon,0.008763985082578507,proportion
Alrust,Alr3,Alr3B,B,organic_matter,0.17418942300458917,proportion
Alrust,Alr3,Alr3B,B,incorganic_carbon,0.009290604077333665,proportion
Alrust,Alr3,Alr3FB,FB,organic_matter,0.1439005303886624,proportion
Alrust,Alr3,Alr3FB,FB,incorganic_carbon,0.009347013303190866,proportion
Alrust,Alr3,Alr3GB,GB,organic_matter,0.16957830283322428,proportion
Alrust,Alr3,Alr3GB,GB,incorganic_carbon,0.009098142318469261,proportion
Alrust,Alr3,Alr3GF,GF,organic_matter,0.15480996797995214,proportion
Alrust,Alr3,Alr3GF,GF,incorganic_carbon,0.009466796603090827,proportion
Alrust,Alr3,Alr3FGB,FGB,organic_matter,0.12258782140824678,proportion
Alrust,Alr3,Alr3FGB,FGB,incorganic_carbon,0.009234828496042291,proportion
Alrust,Alr3,Alr3C,C,organic_matter,0.20117054137538615,proportion
Alrust,Alr3,Alr3C,C,incorganic_carbon,0.008453909933344102,proportion
Arhelleren,Arh1,Arh1F,F,organic_matter,0.10477409567154984,proportion
Arhelleren,Arh1,Arh1F,F,incorganic_carbon,0.00986109135732209,proportion
Arhelleren,Arh1,Arh1G,G,organic_matter,0.09761367547516167,proportion
Arhelleren,Arh1,Arh1G,G,incorganic_carbon,0.011224138590385863,proportion
Arhelleren,Arh1,Arh1B,B,organic_matter,0.13556111897246106,proportion
Arhelleren,Arh1,Arh1B,B,incorganic_carbon,0.009731141830848073,proportion
Arhelleren,Arh1,Arh1FB,FB,organic_matter,0.11287345154238496,proportion
Arhelleren,Arh1,Arh1FB,FB,incorganic_carbon,0.010565946077241112,proportion
Arhelleren,Arh1,Arh1GB,GB,organic_matter,0.14706412335572908,proportion
Arhelleren,Arh1,Arh1GB,GB,incorganic_carbon,0.00983344917239421,proportion
Arhelleren,Arh1,Arh1GF,GF,organic_matter,0.11597498578737903,proportion
Arhelleren,Arh1,Arh1GF,GF,incorganic_carbon,0.013596740572294734,proportion
Arhelleren,Arh1,Arh1FGB,FGB,organic_matter,0.10384563547329188,proportion
Arhelleren,Arh1,Arh1FGB,FGB,incorganic_carbon,0.009726402803360514,proportion
Arhelleren,Arh1,Arh1C,C,organic_matter,0.10469850088605791,proportion
Arhelleren,Arh1,Arh1C,C,incorganic_carbon,0.010632693136644366,proportion
Arhelleren,Arh2,Arh2F,F,organic_matter,0.1142311886586697,proportion
Arhelleren,Arh2,Arh2F,F,incorganic_carbon,0.00899672846237693,proportion
Arhelleren,Arh2,Arh2G,G,organic_matter,0.1003349607023231,proportion
Arhelleren,Arh2,Arh2G,G,incorganic_carbon,0.008538213980778007,proportion
Arhelleren,Arh2,Arh2B,B,organic_matter,0.1366574076620555,proportion
Arhelleren,Arh2,Arh2B,B,incorganic_carbon,0.008140590192789055,proportion
Arhelleren,Arh2,Arh2FB,FB,organic_matter,0.1264940745638571,proportion
Arhelleren,Arh2,Arh2FB,FB,incorganic_carbon,0.008875438685723101,proportion
Arhelleren,Arh2,Arh2GB,GB,organic_matter,0.09647245995172242,proportion
Arhelleren,Arh2,Arh2GB,GB,incorganic_carbon,0.009271450515690467,proportion
Arhelleren,Arh2,Arh2GF,GF,organic_matter,0.0993991851016319,proportion
Arhelleren,Arh2,Arh2GF,GF,incorganic_carbon,0.009346009530167655,proportion
Arhelleren,Arh2,Arh2FGB,FGB,organic_matter,0.09018094898622464,proportion
Arhelleren,Arh2,Arh2FGB,FGB,incorganic_carbon,0.009057933030004147,proportion
Arhelleren,Arh2,Arh2C,C,organic_matter,0.09608271108558274,proportion
Arhelleren,Arh2,Arh2C,C,incorganic_carbon,0.009350947731189219,proportion
Arhelleren,Arh3,Arh3F,F,organic_matter,0.14048155681380925,proportion
Arhelleren,Arh3,Arh3F,F,incorganic_carbon,0.011351767357484381,proportion
Arhelleren,Arh3,Arh3G,G,organic_matter,0.11439131876984336,proportion
Arhelleren,Arh3,Arh3G,G,incorganic_carbon,0.011301710657252275,proportion
Arhelleren,Arh3,Arh3B,B,organic_matter,0.1075665237127878,proportion
Arhelleren,Arh3,Arh3B,B,incorganic_carbon,0.010784239961879228,proportion
Arhelleren,Arh3,Arh3FB,FB,organic_matter,0.1381507592190889,proportion
Arhelleren,Arh3,Arh3FB,FB,incorganic_carbon,0.0126536514822847,proportion
Arhelleren,Arh3,Arh3GB,GB,organic_matter,0.14419645235178166,proportion
Arhelleren,Arh3,Arh3GB,GB,incorganic_carbon,0.013396899802908436,proportion
Arhelleren,Arh3,Arh3GF,GF,organic_matter,0.1789428076256502,proportion
Arhelleren,Arh3,Arh3GF,GF,incorganic_carbon,0.013331555792560705,proportion
Arhelleren,Arh3,Arh3FGB,FGB,organic_matter,0.11752737137874253,proportion
Arhelleren,Arh3,Arh3FGB,FGB,incorganic_carbon,0.012159674450150235,proportion
Arhelleren,Arh3,Arh3C,C,organic_matter,0.13509519038076132,proportion
Arhelleren,Arh3,Arh3C,C,incorganic_carbon,0.008341683366733606,proportion
Fauske,Fau1,Fau1F,F,organic_matter,0.1617844943587619,proportion
Fauske,Fau1,Fau1F,F,incorganic_carbon,0.00879826104958097,proportion
Fauske,Fau1,Fau1G,G,organic_matter,0.20165586095638183,proportion
Fauske,Fau1,Fau1G,G,incorganic_carbon,0.008340182022950745,proportion
Fauske,Fau1,Fau1B,B,organic_matter,0.19784000478669314,proportion
Fauske,Fau1,Fau1B,B,incorganic_carbon,0.008227128582540492,proportion
Fauske,Fau1,Fau1FB,FB,organic_matter,0.15390290337934298,proportion
Fauske,Fau1,Fau1FB,FB,incorganic_carbon,0.008305568776773055,proportion
Fauske,Fau1,Fau1GB,GB,organic_matter,0.19139817173685011,proportion
Fauske,Fau1,Fau1GB,GB,incorganic_carbon,0.008272141465607563,proportion
Fauske,Fau1,Fau1GF,GF,organic_matter,0.18762841666147775,proportion
Fauske,Fau1,Fau1GF,GF,incorganic_carbon,0.008654504700828385,proportion
Fauske,Fau1,Fau1FGB,FGB,organic_matter,0.1285892356319281,proportion
Fauske,Fau1,Fau1FGB,FGB,incorganic_carbon,0.008680941993500358,proportion
Fauske,Fau1,Fau1C,C,organic_matter,0.18304003094179078,proportion
Fauske,Fau1,Fau1C,C,incorganic_carbon,0.008283375233675146,proportion
Fauske,Fau2,Fau2F,F,organic_matter,0.15129980701555254,proportion
Fauske,Fau2,Fau2F,F,incorganic_carbon,0.008173458962424699,proportion
Fauske,Fau2,Fau2G,G,organic_matter,0.21117602235204475,proportion
Fauske,Fau2,Fau2G,G,incorganic_carbon,0.00825501651003318,proportion
Fauske,Fau2,Fau2B,B,organic_matter,0.1944084112787601,proportion
Fauske,Fau2,Fau2B,B,incorganic_carbon,0.008773127602922273,proportion
Fauske,Fau2,Fau2FB,FB,organic_matter,0.23365262967648642,proportion
Fauske,Fau2,Fau2FB,FB,incorganic_carbon,0.008096873305621212,proportion
Fauske,Fau2,Fau2GF,GF,organic_matter,0.1696009242283447,proportion
Fauske,Fau2,Fau2GF,GF,incorganic_carbon,0.008790215234698336,proportion
Fauske,Fau2,Fau2FGB,FGB,organic_matter,0.17016100374490895,proportion
Fauske,Fau2,Fau2FGB,FGB,incorganic_carbon,0.008446546209987983,proportion
Fauske,Fau2,Fau2C,C,organic_matter,0.17874448444817442,proportion
Fauske,Fau2,Fau2C,C,incorganic_carbon,0.008121057903142674,proportion
Fauske,Fau4,Fau4F,F,organic_matter,0.17402597402597395,proportion
Fauske,Fau4,Fau4F,F,incorganic_carbon,0.008866133866134055,proportion
Fauske,Fau4,Fau4G,G,organic_matter,0.2163275325950573,proportion
Fauske,Fau4,Fau4G,G,incorganic_carbon,0.007991926245158746,proportion
Fauske,Fau4,Fau4B,B,organic_matter,0.19955156950672656,proportion
Fauske,Fau4,Fau4B,B,incorganic_carbon,0.00846145633141121,proportion
Fauske,Fau4,Fau4FB,FB,organic_matter,0.2140404173821162,proportion
Fauske,Fau4,Fau4FB,FB,incorganic_carbon,0.008552370888918248,proportion
Fauske,Fau4,Fau4GB,GB,organic_matter,0.1477491038006774,proportion
Fauske,Fau4,Fau4GB,GB,incorganic_carbon,0.008714424352855058,proportion
Fauske,Fau4,Fau4GF,GF,organic_matter,0.16296487603305768,proportion
Fauske,Fau4,Fau4GF,GF,incorganic_carbon,0.00983557162534437,proportion
Fauske,Fau4,Fau4FGB,FGB,organic_matter,0.17132972972972987,proportion
Fauske,Fau4,Fau4FGB,FGB,incorganic_carbon,0.008648648648648465,proportion
Fauske,Fau4,Fau4C,C,organic_matter,0.21118308727528354,proportion
Fauske,Fau4,Fau4C,C,incorganic_carbon,0.009114191021392154,proportion
Gudmedalen,Gud5,Gud5F,F,organic_matter,0.4649621845927322,proportion
Gudmedalen,Gud5,Gud5F,F,incorganic_carbon,0.01030720835285432,proportion
Gudmedalen,Gud5,Gud5G,G,organic_matter,0.38234575741292565,proportion
Gudmedalen,Gud5,Gud5G,G,incorganic_carbon,0.015583019881784113,proportion
Gudmedalen,Gud5,Gud5B,B,organic_matter,0.2343105752552108,proportion
Gudmedalen,Gud5,Gud5B,B,incorganic_carbon,0.018113572383200372,proportion
Gudmedalen,Gud5,Gud5FB,FB,organic_matter,0.2524923031813519,proportion
Gudmedalen,Gud5,Gud5FB,FB,incorganic_carbon,0.017775985925816924,proportion
Gudmedalen,Gud5,Gud5GB,GB,organic_matter,0.2360750853242318,proportion
Gudmedalen,Gud5,Gud5GB,GB,incorganic_carbon,0.01672354948805504,proportion
Gudmedalen,Gud5,Gud5GF,GF,organic_matter,0.331282952548331,proportion
Gudmedalen,Gud5,Gud5GF,GF,incorganic_carbon,0.01599297012302304,proportion
Gudmedalen,Gud5,Gud5FGB,FGB,organic_matter,0.17658505963590748,proportion
Gudmedalen,Gud5,Gud5FGB,FGB,incorganic_carbon,0.01892655367231631,proportion
Gudmedalen,Gud5,Gud5C,C,organic_matter,0.1635166365910023,proportion
Gudmedalen,Gud5,Gud5C,C,incorganic_carbon,0.01915344920378672,proportion
Gudmedalen,Gud12,Gud12F,F,organic_matter,0.32395045842046033,proportion
Gudmedalen,Gud12,Gud12F,F,incorganic_carbon,0.015280682000964723,proportion
Gudmedalen,Gud12,Gud12G,G,organic_matter,0.26677994902293994,proportion
Gudmedalen,Gud12,Gud12G,G,incorganic_carbon,0.016992353440951853,proportion
Gudmedalen,Gud12,Gud12B,B,organic_matter,0.2105376575800021,proportion
Gudmedalen,Gud12,Gud12B,B,incorganic_carbon,0.016844449233200744,proportion
Gudmedalen,Gud12,Gud12FB,FB,organic_matter,0.27923484673887994,proportion
Gudmedalen,Gud12,Gud12FB,FB,incorganic_carbon,0.015856188061765267,proportion
Gudmedalen,Gud12,Gud12GB,GB,organic_matter,0.24790870311894148,proportion
Gudmedalen,Gud12,Gud12GB,GB,incorganic_carbon,0.017505955348733677,proportion
Gudmedalen,Gud12,Gud12GF,GF,organic_matter,0.25134571020542706,proportion
Gudmedalen,Gud12,Gud12GF,GF,incorganic_carbon,0.016185140429894912,proportion
Gudmedalen,Gud12,Gud12FGB,FGB,organic_matter,0.38532733737711794,proportion
Gudmedalen,Gud12,Gud12FGB,FGB,incorganic_carbon,0.014745869065049155,proportion
Gudmedalen,Gud12,Gud12C,C,organic_matter,0.2376454839549329,proportion
Gudmedalen,Gud12,Gud12C,C,incorganic_carbon,0.01788569516230983,proportion
Gudmedalen,Gud13,Gud13F,F,organic_matter,0.47329437906345095,proportion
Gudmedalen,Gud13,Gud13F,F,incorganic_carbon,0.014566702329026097,proportion
Gudmedalen,Gud13,Gud13G,G,organic_matter,0.32015202244140767,proportion
Gudmedalen,Gud13,Gud13G,G,incorganic_carbon,0.015337978463487886,proportion
Gudmedalen,Gud13,Gud13B,B,organic_matter,0.3608562691131497,proportion
Gudmedalen,Gud13,Gud13B,B,incorganic_carbon,0.015618173875055064,proportion
Gudmedalen,Gud13,Gud13FB,FB,organic_matter,0.3048226950354611,proportion
Gudmedalen,Gud13,Gud13FB,FB,incorganic_carbon,0.01683215130023665,proportion
Gudmedalen,Gud13,Gud13GB,GB,organic_matter,0.2966507177033494,proportion
Gudmedalen,Gud13,Gud13GB,GB,incorganic_carbon,0.016746411483253613,proportion
Gudmedalen,Gud13,Gud13GF,GF,organic_matter,0.33947887248894354,proportion
Gudmedalen,Gud13,Gud13GF,GF,incorganic_carbon,0.015878936430969166,proportion
Gudmedalen,Gud13,Gud13FGB,FGB,organic_matter,0.3431879496402874,proportion
Gudmedalen,Gud13,Gud13FGB,FGB,incorganic_carbon,0.01613084532374134,proportion
Gudmedalen,Gud13,Gud13C,C,organic_matter,0.31767786278280097,proportion
Gudmedalen,Gud13,Gud13C,C,incorganic_carbon,0.015464550177965357,proportion
Hogsete,Hog1,Hog1F,F,organic_matter,0.13664969201005128,proportion
Hogsete,Hog1,Hog1F,F,incorganic_carbon,0.011474571371389297,proportion
Hogsete,Hog1,Hog1G,G,organic_matter,0.1169048682447518,proportion
Hogsete,Hog1,Hog1G,G,incorganic_carbon,0.011947297900848914,proportion
Hogsete,Hog1,Hog1B,B,organic_matter,0.14703171591217148,proportion
Hogsete,Hog1,Hog1B,B,incorganic_carbon,0.011737598265112106,proportion
Hogsete,Hog1,Hog1FB,FB,organic_matter,0.1528501673341746,proportion
Hogsete,Hog1,Hog1FB,FB,incorganic_carbon,0.01130191474186644,proportion
Hogsete,Hog1,Hog1GB,GB,organic_matter,0.14424973362653276,proportion
Hogsete,Hog1,Hog1GB,GB,incorganic_carbon,0.011017659994105875,proportion
Hogsete,Hog1,Hog1GF,GF,organic_matter,0.14308056763035057,proportion
Hogsete,Hog1,Hog1GF,GF,incorganic_carbon,0.011430805676303417,proportion
Hogsete,Hog1,Hog1FGB,FGB,organic_matter,0.13183598357948373,proportion
Hogsete,Hog1,Hog1FGB,FGB,incorganic_carbon,0.01158401358939255,proportion
Hogsete,Hog1,Hog1C,C,organic_matter,0.1607092990784697,proportion
Hogsete,Hog1,Hog1C,C,incorganic_carbon,0.011840268081541655,proportion
Hogsete,Hog2,Hog2F,F,organic_matter,0.1567424059580041,proportion
Hogsete,Hog2,Hog2F,F,incorganic_carbon,0.011447091680171289,proportion
Hogsete,Hog2,Hog2G,G,organic_matter,0.13816284683468763,proportion
Hogsete,Hog2,Hog2G,G,incorganic_carbon,0.011576297142263627,proportion
Hogsete,Hog2,Hog2B,B,organic_matter,0.15182492806300157,proportion
Hogsete,Hog2,Hog2B,B,incorganic_carbon,0.011030339744560403,proportion
Hogsete,Hog2,Hog2FB,FB,organic_matter,0.14349153483208477,proportion
Hogsete,Hog2,Hog2FB,FB,incorganic_carbon,0.01132894305250634,proportion
Hogsete,Hog2,Hog2GB,GB,organic_matter,0.1531421051057335,proportion
Hogsete,Hog2,Hog2GB,GB,incorganic_carbon,0.011425836748123582,proportion
Hogsete,Hog2,Hog2GF,GF,organic_matter,0.14047773400488697,proportion
Hogsete,Hog2,Hog2GF,GF,incorganic_carbon,0.0113200019947142,proportion
Hogsete,Hog2,Hog2FGB,FGB,organic_matter,0.14589812703020255,proportion
Hogsete,Hog2,Hog2FGB,FGB,incorganic_carbon,0.011104199783444969,proportion
Hogsete,Hog2,Hog2C,C,organic_matter,0.1707421566042706,proportion
Hogsete,Hog2,Hog2C,C,incorganic_carbon,0.011171895597152957,proportion
Hogsete,Hog3,Hog3F,F,organic_matter,0.1456680326677708,proportion
Hogsete,Hog3,Hog3F,F,incorganic_carbon,0.011712732874124518,proportion
Hogsete,Hog3,Hog3G,G,organic_matter,0.1335553309151457,proportion
Hogsete,Hog3,Hog3G,G,incorganic_carbon,0.012160313968008213,proportion
Hogsete,Hog3,Hog3B,B,organic_matter,0.1434484389782405,proportion
Hogsete,Hog3,Hog3B,B,incorganic_carbon,0.011441579943235164,proportion
Hogsete,Hog3,Hog3FB,FB,organic_matter,0.14733723780986127,proportion
Hogsete,Hog3,Hog3FB,FB,incorganic_carbon,0.01157722691364714,proportion
Hogsete,Hog3,Hog3GB,GB,organic_matter,0.1556173292772472,proportion
Hogsete,Hog3,Hog3GB,GB,incorganic_carbon,0.011932235392846045,proportion
Hogsete,Hog3,Hog3GF,GF,organic_matter,0.14806727648273857,proportion
Hogsete,Hog3,Hog3GF,GF,incorganic_carbon,0.012097964001180394,proportion
Hogsete,Hog3,Hog3FGB,FGB,organic_matter,0.14184166511800775,proportion
Hogsete,Hog3,Hog3FGB,FGB,incorganic_carbon,0.01212599888496583,proportion
Hogsete,Hog3,Hog3C,C,organic_matter,0.16680169815600987,proportion
Hogsete,Hog3,Hog3C,C,incorganic_carbon,0.011277829989953856,proportion
Lavisdalen,Lav1,Lav1F,F,organic_matter,0.32672407554815786,proportion
Lavisdalen,Lav1,Lav1F,F,incorganic_carbon,0.01483464794847687,proportion
Lavisdalen,Lav1,Lav1G,G,organic_matter,0.2345256067820232,proportion
Lavisdalen,Lav1,Lav1G,G,incorganic_carbon,0.015561491116014242,proportion
Lavisdalen,Lav1,Lav1B,B,organic_matter,0.19420176468031447,proportion
Lavisdalen,Lav1,Lav1B,B,incorganic_carbon,0.015821271786847665,proportion
Lavisdalen,Lav1,Lav1FB,FB,organic_matter,0.13592631147282402,proportion
Lavisdalen,Lav1,Lav1FB,FB,incorganic_carbon,0.016687170751711076,proportion
Lavisdalen,Lav1,Lav1GB,GB,organic_matter,0.37517359962965374,proportion
Lavisdalen,Lav1,Lav1GB,GB,incorganic_carbon,0.014483169102572893,proportion
Lavisdalen,Lav1,Lav1GF,GF,organic_matter,0.1889316688056623,proportion
Lavisdalen,Lav1,Lav1GF,GF,incorganic_carbon,0.015439660871932432,proportion
Lavisdalen,Lav1,Lav1FGB,FGB,organic_matter,0.1619150579150581,proportion
Lavisdalen,Lav1,Lav1FGB,FGB,incorganic_carbon,0.016525096525096424,proportion
Lavisdalen,Lav1,Lav1C,C,organic_matter,0.18153933273559472,proportion
Lavisdalen,Lav1,Lav1C,C,incorganic_carbon,0.01760181209003828,proportion
Lavisdalen,Lav2,Lav2F,F,organic_matter,0.21809765044982127,proportion
Lavisdalen,Lav2,Lav2F,F,incorganic_carbon,0.01511048999912701,proportion
Lavisdalen,Lav2,Lav2G,G,organic_matter,0.20675569520816997,proportion
Lavisdalen,Lav2,Lav2G,G,incorganic_carbon,0.015318146111547411,proportion
Lavisdalen,Lav2,Lav2B,B,organic_matter,0.18918564497093093,proportion
Lavisdalen,Lav2,Lav2B,B,incorganic_carbon,0.01853389867552593,proportion
Lavisdalen,Lav2,Lav2FB,FB,organic_matter,0.17079266841228222,proportion
Lavisdalen,Lav2,Lav2FB,FB,incorganic_carbon,0.02059033563437341,proportion
Lavisdalen,Lav2,Lav2GB,GB,organic_matter,0.1662286240912039,proportion
Lavisdalen,Lav2,Lav2GB,GB,incorganic_carbon,0.020991910434515666,proportion
Lavisdalen,Lav2,Lav2GF,GF,organic_matter,0.19474307965800336,proportion
Lavisdalen,Lav2,Lav2GF,GF,incorganic_carbon,0.019343096588504218,proportion
Lavisdalen,Lav2,Lav2FGB,FGB,organic_matter,0.2011136729455775,proportion
Lavisdalen,Lav2,Lav2FGB,FGB,incorganic_carbon,0.015530517248879926,proportion
Lavisdalen,Lav2,Lav2C,C,organic_matter,0.4117773633625016,proportion
Lavisdalen,Lav2,Lav2C,C,incorganic_carbon,0.012767178310142844,proportion
Lavisdalen,Lav3,Lav3F,F,organic_matter,0.08165137614678897,proportion
Lavisdalen,Lav3,Lav3F,F,incorganic_carbon,0.015389908256880722,proportion
Lavisdalen,Lav3,Lav3G,G,organic_matter,0.16347957739525357,proportion
Lavisdalen,Lav3,Lav3G,G,incorganic_carbon,0.014350130006912229,proportion
Lavisdalen,Lav3,Lav3B,B,organic_matter,0.16017037293843855,proportion
Lavisdalen,Lav3,Lav3B,B,incorganic_carbon,0.016393442622950446,proportion
Lavisdalen,Lav3,Lav3FB,FB,organic_matter,0.08675787748615683,proportion
Lavisdalen,Lav3,Lav3FB,FB,incorganic_carbon,0.019144339880316778,proportion
Lavisdalen,Lav3,Lav3GB,GB,organic_matter,0.16128235526575832,proportion
Lavisdalen,Lav3,Lav3GB,GB,incorganic_carbon,0.01783244418099158,proportion
Lavisdalen,Lav3,Lav3GF,GF,organic_matter,0.11224951652059419,proportion
Lavisdalen,Lav3,Lav3GF,GF,incorganic_carbon,0.016746903674443918,proportion
Lavisdalen,Lav3,Lav3FGB,FGB,organic_matter,0.09322621873288241,proportion
Lavisdalen,Lav3,Lav3FGB,FGB,incorganic_carbon,0.014716085448238178,proportion
Lavisdalen,Lav3,Lav3C,C,organic_matter,0.11143620043176926,proportion
Lavisdalen,Lav3,Lav3C,C,incorganic_carbon,0.014657425292580035,proportion
Ovstedalen,Ovs1,Ovs1F,F,organic_matter,0.11965014174099421,proportion
Ovstedalen,Ovs1,Ovs1F,F,incorganic_carbon,0.005807923667288919,proportion
Ovstedalen,Ovs1,Ovs1G,G,organic_matter,0.131859846831475,proportion
Ovstedalen,Ovs1,Ovs1G,G,incorganic_carbon,0.006110868616324606,proportion
Ovstedalen,Ovs1,Ovs1B,B,organic_matter,0.12045134959014944,proportion
Ovstedalen,Ovs1,Ovs1B,B,incorganic_carbon,0.005727612580169484,proportion
Ovstedalen,Ovs1,Ovs1FB,FB,organic_matter,0.10576181911613564,proportion
Ovstedalen,Ovs1,Ovs1FB,FB,incorganic_carbon,0.005492034943473544,proportion
Ovstedalen,Ovs1,Ovs1GB,GB,organic_matter,0.11054426408402693,proportion
Ovstedalen,Ovs1,Ovs1GB,GB,incorganic_carbon,0.005319874505524202,proportion
Ovstedalen,Ovs1,Ovs1GF,GF,organic_matter,0.11176885895834461,proportion
Ovstedalen,Ovs1,Ovs1GF,GF,incorganic_carbon,0.0055124097105307785,proportion
Ovstedalen,Ovs1,Ovs1FGB,FGB,organic_matter,0.08131350550381027,proportion
Ovstedalen,Ovs1,Ovs1FGB,FGB,incorganic_carbon,0.005345046570703029,proportion
Ovstedalen,Ovs1,Ovs1C,C,organic_matter,0.12335934463479573,proportion
Ovstedalen,Ovs1,Ovs1C,C,incorganic_carbon,0.00591981343618263,proportion
Ovstedalen,Ovs2,Ovs2F,F,organic_matter,0.09897533778693052,proportion
Ovstedalen,Ovs2,Ovs2F,F,incorganic_carbon,0.005751167813551641,proportion
Ovstedalen,Ovs2,Ovs2G,G,organic_matter,0.10198365854223085,proportion
Ovstedalen,Ovs2,Ovs2G,G,incorganic_carbon,0.005670902483623764,proportion
Ovstedalen,Ovs2,Ovs2B,B,organic_matter,0.11898279241995238,proportion
Ovstedalen,Ovs2,Ovs2B,B,incorganic_carbon,0.005908298845567186,proportion
Ovstedalen,Ovs2,Ovs2FB,FB,organic_matter,0.09696275071633238,proportion
Ovstedalen,Ovs2,Ovs2FB,FB,incorganic_carbon,0.006303724928366831,proportion
Ovstedalen,Ovs2,Ovs2GB,GB,organic_matter,0.11944117496545707,proportion
Ovstedalen,Ovs2,Ovs2GB,GB,incorganic_carbon,0.00611534721866828,proportion
Ovstedalen,Ovs2,Ovs2GF,GF,organic_matter,0.10172099823026994,proportion
Ovstedalen,Ovs2,Ovs2GF,GF,incorganic_carbon,0.006258175382800272,proportion
Ovstedalen,Ovs2,Ovs2FGB,FGB,organic_matter,0.09213844682146274,proportion
Ovstedalen,Ovs2,Ovs2FGB,FGB,incorganic_carbon,0.005935298721627654,proportion
Ovstedalen,Ovs2,Ovs2C,C,organic_matter,0.12696765778317975,proportion
Ovstedalen,Ovs2,Ovs2C,C,incorganic_carbon,0.005573177600568828,proportion
Ovstedalen,Ovs3,Ovs3F,F,organic_matter,0.12409458583467224,proportion
Ovstedalen,Ovs3,Ovs3F,F,incorganic_carbon,0.006313238071080102,proportion
Ovstedalen,Ovs3,Ovs3G,G,organic_matter,0.11985730653056981,proportion
Ovstedalen,Ovs3,Ovs3G,G,incorganic_carbon,0.006327465888969956,proportion
Ovstedalen,Ovs3,Ovs3B,B,organic_matter,0.11776973207820446,proportion
Ovstedalen,Ovs3,Ovs3B,B,incorganic_carbon,0.006227371469949204,proportion
Ovstedalen,Ovs3,Ovs3FB,FB,organic_matter,0.11324289712090291,proportion
Ovstedalen,Ovs3,Ovs3FB,FB,incorganic_carbon,0.0064506948726463405,proportion
Ovstedalen,Ovs3,Ovs3GB,GB,organic_matter,0.10763653373874407,proportion
Ovstedalen,Ovs3,Ovs3GB,GB,incorganic_carbon,0.006548941644252243,proportion
Ovstedalen,Ovs3,Ovs3GF,GF,organic_matter,0.10429431991519937,proportion
Ovstedalen,Ovs3,Ovs3GF,GF,incorganic_carbon,0.006747847669277793,proportion
Ovstedalen,Ovs3,Ovs3FGB,FGB,organic_matter,0.08139250316107205,proportion
Ovstedalen,Ovs3,Ovs3FGB,FGB,incorganic_carbon,0.006709630052616493,proportion
Ovstedalen,Ovs3,Ovs3C,C,organic_matter,0.11615311219621709,proportion
Ovstedalen,Ovs3,Ovs3C,C,incorganic_carbon,0.00606162653645378,proportion
Rambera,Ram4,Ram4F,F,organic_matter,0.21724482813075788,proportion
Rambera,Ram4,Ram4F,F,incorganic_carbon,0.018634521240195392,proportion
Rambera,Ram4,Ram4G,G,organic_matter,0.2021458374726801,proportion
Rambera,Ram4,Ram4G,G,incorganic_carbon,0.018080667593880613,proportion
Rambera,Ram4,Ram4B,B,organic_matter,0.19102902374670228,proportion
Rambera,Ram4,Ram4B,B,incorganic_carbon,0.018834990866652506,proportion
Rambera,Ram4,Ram4FB,FB,organic_matter,0.16795466254507982,proportion
Rambera,Ram4,Ram4FB,FB,incorganic_carbon,0.017941024941661544,proportion
Rambera,Ram4,Ram4GB,GB,organic_matter,0.1744444087093555,proportion
Rambera,Ram4,Ram4GB,GB,incorganic_carbon,0.021130157913356595,proportion
Rambera,Ram4,Ram4GF,GF,organic_matter,0.15918052988293288,proportion
Rambera,Ram4,Ram4GF,GF,incorganic_carbon,0.021811460258780096,proportion
Rambera,Ram4,Ram4FGB,FGB,organic_matter,0.14616770616770627,proportion
Rambera,Ram4,Ram4FGB,FGB,incorganic_carbon,0.023423423423422997,proportion
Rambera,Ram4,Ram4C,C,organic_matter,0.22161589835478088,proportion
Rambera,Ram4,Ram4C,C,incorganic_carbon,0.021624043003746776,proportion
Rambera,Ram5,Ram5F,F,organic_matter,0.22439826580953762,proportion
Rambera,Ram5,Ram5F,F,incorganic_carbon,0.015959037225295913,proportion
Rambera,Ram5,Ram5G,G,organic_matter,0.26655102630818084,proportion
Rambera,Ram5,Ram5G,G,incorganic_carbon,0.014599595258745513,proportion
Rambera,Ram5,Ram5B,B,organic_matter,0.21414947882013793,proportion
Rambera,Ram5,Ram5B,B,incorganic_carbon,0.016455976935018317,proportion
Rambera,Ram5,Ram5FB,FB,organic_matter,0.15305634269311472,proportion
Rambera,Ram5,Ram5FB,FB,incorganic_carbon,0.017443786111213215,proportion
Rambera,Ram5,Ram5GB,GB,organic_matter,0.1749486366960337,proportion
Rambera,Ram5,Ram5GB,GB,incorganic_carbon,0.017063063690496746,proportion
Rambera,Ram5,Ram5GF,GF,organic_matter,0.21147483893435456,proportion
Rambera,Ram5,Ram5GF,GF,incorganic_carbon,0.017412502176563174,proportion
Rambera,Ram5,Ram5FGB,FGB,organic_matter,0.14677406007778665,proportion
Rambera,Ram5,Ram5FGB,FGB,incorganic_carbon,0.017460623948362872,proportion
Rambera,Ram5,Ram5C,C,organic_matter,0.2200818909361626,proportion
Rambera,Ram5,Ram5C,C,incorganic_carbon,0.014796203238414522,proportion
Rambera,Ram6,Ram6F,F,organic_matter,0.34389833103659545,proportion
Rambera,Ram6,Ram6F,F,incorganic_carbon,0.01638340223549216,proportion
Rambera,Ram6,Ram6G,G,organic_matter,0.2400516911011096,proportion
Rambera,Ram6,Ram6G,G,incorganic_carbon,0.01581925939129305,proportion
Rambera,Ram6,Ram6B,B,organic_matter,0.23735873958591105,proportion
Rambera,Ram6,Ram6B,B,incorganic_carbon,0.018436030685474152,proportion
Rambera,Ram6,Ram6FB,FB,organic_matter,0.1601061477222468,proportion
Rambera,Ram6,Ram6FB,FB,incorganic_carbon,0.01813356921716084,proportion
Rambera,Ram6,Ram6GB,GB,organic_matter,0.1709224275136668,proportion
Rambera,Ram6,Ram6GB,GB,incorganic_carbon,0.018891426198879194,proportion
Rambera,Ram6,Ram6GF,GF,organic_matter,0.22850920609780292,proportion
Rambera,Ram6,Ram6GF,GF,incorganic_carbon,0.019045733518115143,proportion
Rambera,Ram6,Ram6FGB,FGB,organic_matter,0.10412270317566533,proportion
Rambera,Ram6,Ram6FGB,FGB,incorganic_carbon,0.018245921045859273,proportion
Rambera,Ram6,Ram6C,C,organic_matter,0.255393767202344,proportion
Rambera,Ram6,Ram6C,C,incorganic_carbon,0.018645121193287664,proportion
Skjelingahaugen,Skj1,Skj1F,F,organic_matter,0.08487511563367232,proportion
Skjelingahaugen,Skj1,Skj1F,F,incorganic_carbon,0.020559666975023278,proportion
Skjelingahaugen,Skj1,Skj1G,G,organic_matter,0.10170650073068398,proportion
Skjelingahaugen,Skj1,Skj1G,G,incorganic_carbon,0.02074199783151864,proportion
Skjelingahaugen,Skj1,Skj1B,B,organic_matter,0.1505825270106349,proportion
Skjelingahaugen,Skj1,Skj1B,B,incorganic_carbon,0.019323535219611346,proportion
Skjelingahaugen,Skj1,Skj1FB,FB,organic_matter,0.1579270735942302,proportion
Skjelingahaugen,Skj1,Skj1FB,FB,incorganic_carbon,0.018512087618538366,proportion
Skjelingahaugen,Skj1,Skj1GB,GB,organic_matter,0.14358387383950164,proportion
Skjelingahaugen,Skj1,Skj1GB,GB,incorganic_carbon,0.019432786468269004,proportion
Skjelingahaugen,Skj1,Skj1GF,GF,organic_matter,0.09090909090909087,proportion
Skjelingahaugen,Skj1,Skj1GF,GF,incorganic_carbon,0.020926007142409452,proportion
Skjelingahaugen,Skj1,Skj1FGB,FGB,organic_matter,0.08264138840383464,proportion
Skjelingahaugen,Skj1,Skj1FGB,FGB,incorganic_carbon,0.01899433377285204,proportion
Skjelingahaugen,Skj1,Skj1C,C,organic_matter,0.09028351224883,proportion
Skjelingahaugen,Skj1,Skj1C,C,incorganic_carbon,0.02110285347279579,proportion
Skjelingahaugen,Skj2,Skj2F,F,organic_matter,0.12622591438790792,proportion
Skjelingahaugen,Skj2,Skj2F,F,incorganic_carbon,0.020168455059420932,proportion
Skjelingahaugen,Skj2,Skj2G,G,organic_matter,0.1646355098389983,proportion
Skjelingahaugen,Skj2,Skj2G,G,incorganic_carbon,0.017609570661895915,proportion
Skjelingahaugen,Skj2,Skj2B,B,organic_matter,0.17372110134376362,proportion
Skjelingahaugen,Skj2,Skj2B,B,incorganic_carbon,0.016922898191534447,proportion
Skjelingahaugen,Skj2,Skj2FB,FB,organic_matter,0.12825252779878404,proportion
Skjelingahaugen,Skj2,Skj2FB,FB,incorganic_carbon,0.01809371761476639,proportion
Skjelingahaugen,Skj2,Skj2GB,GB,organic_matter,0.1253438614365764,proportion
Skjelingahaugen,Skj2,Skj2GB,GB,incorganic_carbon,0.01877228731533381,proportion
Skjelingahaugen,Skj2,Skj2GF,GF,organic_matter,0.09701158100808996,proportion
Skjelingahaugen,Skj2,Skj2GF,GF,incorganic_carbon,0.018114489232728834,proportion
Skjelingahaugen,Skj2,Skj2FGB,FGB,organic_matter,0.08440422453078776,proportion
Skjelingahaugen,Skj2,Skj2FGB,FGB,incorganic_carbon,0.017753396254940556,proportion
Skjelingahaugen,Skj2,Skj2C,C,organic_matter,0.07867718807008627,proportion
Skjelingahaugen,Skj2,Skj2C,C,incorganic_carbon,0.02015188154936164,proportion
Skjelingahaugen,Skj3,Skj3F,F,organic_matter,0.12040628979241295,proportion
Skjelingahaugen,Skj3,Skj3F,F,incorganic_carbon,0.016050223577837607,proportion
Skjelingahaugen,Skj3,Skj3G,G,organic_matter,0.08020621028653652,proportion
Skjelingahaugen,Skj3,Skj3G,G,incorganic_carbon,0.018662830196219286,proportion
Skjelingahaugen,Skj3,Skj3B,B,organic_matter,0.11041575401047193,proportion
Skjelingahaugen,Skj3,Skj3B,B,incorganic_carbon,0.01879550243027336,proportion
Skjelingahaugen,Skj3,Skj3FB,FB,organic_matter,0.13814443156882564,proportion
Skjelingahaugen,Skj3,Skj3FB,FB,incorganic_carbon,0.01802312680292911,proportion
Skjelingahaugen,Skj3,Skj3GB,GB,organic_matter,0.11335420969640454,proportion
Skjelingahaugen,Skj3,Skj3GB,GB,incorganic_carbon,0.01599040575654589,proportion
Skjelingahaugen,Skj3,Skj3GF,GF,organic_matter,0.09540889526542329,proportion
Skjelingahaugen,Skj3,Skj3GF,GF,incorganic_carbon,0.016216686231033478,proportion
Skjelingahaugen,Skj3,Skj3FGB,FGB,organic_matter,0.08827479122078141,proportion
Skjelingahaugen,Skj3,Skj3FGB,FGB,incorganic_carbon,0.019325191992949825,proportion
Skjelingahaugen,Skj3,Skj3C,C,organic_matter,0.11234177215189842,proportion
Skjelingahaugen,Skj3,Skj3C,C,incorganic_carbon,0.020497698504027974,proportion
Ulvehaugen,Ulv1,Ulv1F,F,organic_matter,0.35773425455376,proportion
Ulvehaugen,Ulv1,Ulv1F,F,incorganic_carbon,0.013133101124878479,proportion
Ulvehaugen,Ulv1,Ulv1G,G,organic_matter,0.17504496402877714,proportion
Ulvehaugen,Ulv1,Ulv1G,G,incorganic_carbon,0.012814748201439333,proportion
Ulvehaugen,Ulv1,Ulv1FB,FB,organic_matter,0.27196288779356315,proportion
Ulvehaugen,Ulv1,Ulv1FB,FB,incorganic_carbon,0.014786894752102627,proportion
Ulvehaugen,Ulv1,Ulv1GB,GB,organic_matter,0.2465638819170549,proportion
Ulvehaugen,Ulv1,Ulv1GB,GB,incorganic_carbon,0.014999402414246526,proportion
Ulvehaugen,Ulv1,Ulv1GF,GF,organic_matter,0.37955647578052637,proportion
Ulvehaugen,Ulv1,Ulv1GF,GF,incorganic_carbon,0.014384569280227017,proportion
Ulvehaugen,Ulv1,Ulv1FGB,FGB,organic_matter,0.23308619091751515,proportion
Ulvehaugen,Ulv1,Ulv1FGB,FGB,incorganic_carbon,0.015832561013284063,proportion
Ulvehaugen,Ulv1,Ulv1C,C,organic_matter,0.1686372304532785,proportion
Ulvehaugen,Ulv1,Ulv1C,C,incorganic_carbon,0.012028751650286157,proportion
Ulvehaugen,Ulv2,Ulv2F,F,organic_matter,0.18027947872507447,proportion
Ulvehaugen,Ulv2,Ulv2F,F,incorganic_carbon,0.01252943947244446,proportion
Ulvehaugen,Ulv2,Ulv2G,G,organic_matter,0.2893286573146291,proportion
Ulvehaugen,Ulv2,Ulv2G,G,incorganic_carbon,0.012024048096193285,proportion
Ulvehaugen,Ulv2,Ulv2B,B,organic_matter,0.14606584039033121,proportion
Ulvehaugen,Ulv2,Ulv2B,B,incorganic_carbon,0.01295496607032715,proportion
Ulvehaugen,Ulv2,Ulv2FB,FB,organic_matter,0.3905489008819262,proportion
Ulvehaugen,Ulv2,Ulv2FB,FB,incorganic_carbon,0.011320257996579266,proportion
Ulvehaugen,Ulv2,Ulv2GB,GB,organic_matter,0.0850185832968954,proportion
Ulvehaugen,Ulv2,Ulv2GB,GB,incorganic_carbon,0.011751202448622447,proportion
Ulvehaugen,Ulv2,Ulv2GF,GF,organic_matter,0.373162554800998,proportion
Ulvehaugen,Ulv2,Ulv2GF,GF,incorganic_carbon,0.011862804091807632,proportion
Ulvehaugen,Ulv2,Ulv2FGB,FGB,organic_matter,0.32519961673586717,proportion
Ulvehaugen,Ulv2,Ulv2FGB,FGB,incorganic_carbon,0.01200894282976609,proportion
Ulvehaugen,Ulv2,Ulv2C,C,organic_matter,0.14436202431637585,proportion
Ulvehaugen,Ulv2,Ulv2C,C,incorganic_carbon,0.011675371987885784,proportion
Ulvehaugen,Ulv3,Ulv3F,F,organic_matter,0.38844524685785614,proportion
Ulvehaugen,Ulv3,Ulv3F,F,incorganic_carbon,0.01090202069300793,proportion
Ulvehaugen,Ulv3,Ulv3G,G,organic_matter,0.3176047686217412,proportion
Ulvehaugen,Ulv3,Ulv3G,G,incorganic_carbon,0.010192473950038366,proportion
Ulvehaugen,Ulv3,Ulv3B,B,organic_matter,0.54020033684957,proportion
Ulvehaugen,Ulv3,Ulv3B,B,incorganic_carbon,0.010548710220725708,proportion
Ulvehaugen,Ulv3,Ulv3FB,FB,organic_matter,0.4369194763402328,proportion
Ulvehaugen,Ulv3,Ulv3FB,FB,incorganic_carbon,0.010604841658743477,proportion
Ulvehaugen,Ulv3,Ulv3GB,GB,organic_matter,0.5316275230734602,proportion
Ulvehaugen,Ulv3,Ulv3GB,GB,incorganic_carbon,0.00937945524123905,proportion
Ulvehaugen,Ulv3,Ulv3GF,GF,organic_matter,0.22082018927444771,proportion
Ulvehaugen,Ulv3,Ulv3GF,GF,incorganic_carbon,0.01096292594559138,proportion
Ulvehaugen,Ulv3,Ulv3FGB,FGB,organic_matter,0.3574816220061654,proportion
Ulvehaugen,Ulv3,Ulv3FGB,FGB,incorganic_carbon,0.011797486364714138,proportion
Ulvehaugen,Ulv3,Ulv3C,C,organic_matter,0.2794049494855872,proportion
Ulvehaugen,Ulv3,Ulv3C,C,incorganic_carbon,0.011632217999814683,proportion
Veskre,Ves1,Ves1F,F,organic_matter,0.18659957085930298,proportion
Veskre,Ves1,Ves1F,F,incorganic_carbon,0.009655665678962073,proportion
Veskre,Ves1,Ves1G,G,organic_matter,0.19157318878767368,proportion
Veskre,Ves1,Ves1G,G,incorganic_carbon,0.009786945720093278,proportion
Veskre,Ves1,Ves1B,B,organic_matter,0.1564347072267317,proportion
Veskre,Ves1,Ves1B,B,incorganic_carbon,0.01087556150996912,proportion
Veskre,Ves1,Ves1FB,FB,organic_matter,0.1715672903824122,proportion
Veskre,Ves1,Ves1FB,FB,incorganic_carbon,0.010255850744640067,proportion
Veskre,Ves1,Ves1GB,GB,organic_matter,0.16689882887065993,proportion
Veskre,Ves1,Ves1GB,GB,incorganic_carbon,0.011272764793891402,proportion
Veskre,Ves1,Ves1GF,GF,organic_matter,0.1571789294732369,proportion
Veskre,Ves1,Ves1GF,GF,incorganic_carbon,0.011075276881921994,proportion
Veskre,Ves1,Ves1FGB,FGB,organic_matter,0.14589306029579058,proportion
Veskre,Ves1,Ves1FGB,FGB,incorganic_carbon,0.011058020477815796,proportion
Veskre,Ves1,Ves1C,C,organic_matter,0.16626615023606928,proportion
Veskre,Ves1,Ves1C,C,incorganic_carbon,0.010630177263860056,proportion
Veskre,Ves2,Ves2F,F,organic_matter,0.18131928740830636,proportion
Veskre,Ves2,Ves2F,F,incorganic_carbon,0.01194087474491212,proportion
Veskre,Ves2,Ves2G,G,organic_matter,0.17168986686203647,proportion
Veskre,Ves2,Ves2G,G,incorganic_carbon,0.011899047570927006,proportion
Veskre,Ves2,Ves2B,B,organic_matter,0.17561567524337462,proportion
Veskre,Ves2,Ves2B,B,incorganic_carbon,0.011693003502385172,proportion
Veskre,Ves2,Ves2FB,FB,organic_matter,0.1971289412971033,proportion
Veskre,Ves2,Ves2FB,FB,incorganic_carbon,0.012753140220456174,proportion
Veskre,Ves2,Ves2GB,GB,organic_matter,0.19145948361152773,proportion
Veskre,Ves2,Ves2GB,GB,incorganic_carbon,0.0142022787476466,proportion
Veskre,Ves2,Ves2GF,GF,organic_matter,0.18226872246696024,proportion
Veskre,Ves2,Ves2GF,GF,incorganic_carbon,0.01344260171028796,proportion
Veskre,Ves2,Ves2FGB,FGB,organic_matter,0.15798684901367605,proportion
Veskre,Ves2,Ves2FGB,FGB,incorganic_carbon,0.014851113833537549,proportion
Veskre,Ves2,Ves2C,C,organic_matter,0.1700050355284506,proportion
Veskre,Ves2,Ves2C,C,incorganic_carbon,0.012896547865495695,proportion
Veskre,Ves3,Ves3F,F,organic_matter,0.17040324817794383,proportion
Veskre,Ves3,Ves3F,F,incorganic_carbon,0.01099538496456753,proportion
Veskre,Ves3,Ves3G,G,organic_matter,0.18109114811568777,proportion
Veskre,Ves3,Ves3G,G,incorganic_carbon,0.011256573181419847,proportion
Veskre,Ves3,Ves3B,B,organic_matter,0.2270692415776233,proportion
Veskre,Ves3,Ves3B,B,incorganic_carbon,0.011175374963238394,proportion
Veskre,Ves3,Ves3FB,FB,organic_matter,0.18442092886537328,proportion
Veskre,Ves3,Ves3FB,FB,incorganic_carbon,0.011434450323339196,proportion
Veskre,Ves3,Ves3GB,GB,organic_matter,0.1664114912451631,proportion
Veskre,Ves3,Ves3GB,GB,incorganic_carbon,0.010745205021852472,proportion
Veskre,Ves3,Ves3GF,GF,organic_matter,0.17347682868565958,proportion
Veskre,Ves3,Ves3GF,GF,incorganic_carbon,0.010510699288390523,proportion
Veskre,Ves3,Ves3FGB,FGB,organic_matter,0.15445298429850596,proportion
Veskre,Ves3,Ves3FGB,FGB,incorganic_carbon,0.01121172919361794,proportion
Veskre,Ves3,Ves3C,C,organic_matter,0.220667350810088,proportion
Veskre,Ves3,Ves3C,C,incorganic_carbon,0.010946294741424783,proportion
Vikesland,Vik2,Vik2F,F,organic_matter,0.207367450752791,proportion
Vikesland,Vik2,Vik2F,F,incorganic_carbon,0.011197978901369001,proportion
Vikesland,Vik2,Vik2G,G,organic_matter,0.24066307169962076,proportion
Vikesland,Vik2,Vik2G,G,incorganic_carbon,0.010413991839995494,proportion
Vikesland,Vik2,Vik2B,B,organic_matter,0.2157974970751937,proportion
Vikesland,Vik2,Vik2B,B,incorganic_carbon,0.011663771404261877,proportion
Vikesland,Vik2,Vik2FB,FB,organic_matter,0.20137038446897643,proportion
Vikesland,Vik2,Vik2FB,FB,incorganic_carbon,0.010836188300977023,proportion
Vikesland,Vik2,Vik2GB,GB,organic_matter,0.1818796484110883,proportion
Vikesland,Vik2,Vik2GB,GB,incorganic_carbon,0.010688094866593889,proportion
Vikesland,Vik2,Vik2GF,GF,organic_matter,0.18830085225579588,proportion
Vikesland,Vik2,Vik2GF,GF,incorganic_carbon,0.010817092794564831,proportion
Vikesland,Vik2,Vik2FGB,FGB,organic_matter,0.1770669558145839,proportion
Vikesland,Vik2,Vik2FGB,FGB,incorganic_carbon,0.011249661154784278,proportion
Vikesland,Vik2,Vik2C,C,organic_matter,0.21631835653606354,proportion
Vikesland,Vik2,Vik2C,C,incorganic_carbon,0.011208372363448708,proportion
Vikesland,Vik3,Vik3F,F,organic_matter,0.18499167924455273,proportion
Vikesland,Vik3,Vik3F,F,incorganic_carbon,0.010797631487286932,proportion
Vikesland,Vik3,Vik3G,G,organic_matter,0.22147418301597865,proportion
Vikesland,Vik3,Vik3G,G,incorganic_carbon,0.010864226068363549,proportion
Vikesland,Vik3,Vik3B,B,organic_matter,0.23590294180803117,proportion
Vikesland,Vik3,Vik3B,B,incorganic_carbon,0.010822417865578651,proportion
Vikesland,Vik3,Vik3FB,FB,organic_matter,0.17876628050054583,proportion
Vikesland,Vik3,Vik3FB,FB,incorganic_carbon,0.011259954031527606,proportion
Vikesland,Vik3,Vik3GB,GB,organic_matter,0.1922110107983712,proportion
Vikesland,Vik3,Vik3GB,GB,incorganic_carbon,0.01079837139316692,proportion
Vikesland,Vik3,Vik3GF,GF,organic_matter,0.16976689427831412,proportion
Vikesland,Vik3,Vik3GF,GF,incorganic_carbon,0.011207911466917636,proportion
Vikesland,Vik3,Vik3FGB,FGB,organic_matter,0.15818651883045895,proportion
Vikesland,Vik3,Vik3FGB,FGB,incorganic_carbon,0.010954449745462337,proportion
Vikesland,Vik3,Vik3C,C,organic_matter,0.20917388523923017,proportion
Vikesland,Vik3,Vik3C,C,incorganic_carbon,0.010842392884134673,proportion
Vikesland,Vik4,Vik4F,F,organic_matter,0.21861533227489238,proportion
Vikesland,Vik4,Vik4F,F,incorganic_carbon,0.011397142209117842,proportion
Vikesland,Vik4,Vik4G,G,organic_matter,0.16723229959040362,proportion
Vikesland,Vik4,Vik4G,G,incorganic_carbon,0.01256875365710965,proportion
Vikesland,Vik4,Vik4B,B,organic_matter,0.1983386319351862,proportion
Vikesland,Vik4,Vik4B,B,incorganic_carbon,0.011870577376679433,proportion
Vikesland,Vik4,Vik4FB,FB,organic_matter,0.2273127753303968,proportion
Vikesland,Vik4,Vik4FB,FB,incorganic_carbon,0.011492051331162368,proportion
Vikesland,Vik4,Vik4GB,GB,organic_matter,0.2276953860640305,proportion
Vikesland,Vik4,Vik4GB,GB,incorganic_carbon,0.010975753295668581,proportion
Vikesland,Vik4,Vik4GF,GF,organic_matter,0.2220157448390039,proportion
Vikesland,Vik4,Vik4GF,GF,incorganic_carbon,0.012332330979491234,proportion
Vikesland,Vik4,Vik4FGB,FGB,organic_matter,0.23653139416686175,proportion
Vikesland,Vik4,Vik4FGB,FGB,incorganic_carbon,0.012549847525216911,proportion
Vikesland,Vik4,Vik4C,C,organic_matter,0.19199061449679736,proportion
Vikesland,Vik4,Vik4C,C,incorganic_carbon,0.012112372376181053,proportion
